fiscal_year_ending_march,deficit_pct_gdp,source
1994,-4.67,SARB_KBP4050F_over_KBP6006J
1995,-3.99,SARB_KBP4050F_over_KBP6006J
1996,-3.76,SARB_KBP4050F_over_KBP6006J
1997,-4.0,SARB_KBP4050F_over_KBP6006J
1998,-2.85,SARB_KBP4050F_over_KBP6006J
1999,-2.18,SARB_KBP4050F_over_KBP6006J
2000,-1.59,SARB_KBP4050F_over_KBP6006J
2001,-1.7,SARB_KBP4050F_over_KBP6006J
2002,-1.17,SARB_KBP4050F_over_KBP6006J
2003,-0.93,SARB_KBP4050F_over_KBP6006J
2004,-1.77,SARB_KBP4050F_over_KBP6006J
2005,-1.13,SARB_KBP4050F_over_KBP6006J
2006,-0.26,SARB_KBP4050F_over_KBP6006J
2007,0.34,SARB_KBP4050F_over_KBP6006J
2008,0.47,SARB_KBP4050F_over_KBP6006J
2009,-0.86,SARB_KBP4050F_over_KBP6006J
2010,-5.42,SARB_KBP4050F_over_KBP6006J
2011,-4.19,SARB_KBP4050F_over_KBP6006J
2012,-4.26,SARB_KBP4050F_over_KBP6006J
2013,-4.53,SARB_KBP4050F_over_KBP6006J
2014,-3.74,SARB_KBP4050F_over_KBP6006J
2015,-3.91,SARB_KBP4050F_over_KBP6006J
2016,-3.43,SARB_KBP4050F_over_KBP6006J
2017,-3.2,SARB_KBP4050F_over_KBP6006J
2018,-4.07,SARB_KBP4050F_over_KBP6006J
2019,-4.33,SARB_KBP4050F_over_KBP6006J
2020,-6.18,SARB_KBP4050F_over_KBP6006J
2021,-9.18,SARB_KBP4050F_over_KBP6006J
2022,-4.78,SARB_KBP4050F_over_KBP6006J
2023,-4.77,SARB_KBP4050F_over_KBP6006J
2024,-4.37,SARB_KBP4050F_over_KBP6006J
2025,-4.53,SARB_KBP4050F_over_KBP6006J
