year,nominal_bankrate_pct,cpi_annual_avg_pct,real_policy_rate_pct
1994,13.0,9.0,4.0
1995,14.5,8.7,5.8
1996,15.92,7.4,8.52
1997,16.75,8.6,8.15
1998,18.75,6.9,11.85
1999,14.53,5.1,9.43
2000,11.81,5.3,6.51
2001,10.92,5.7,5.22
2002,12.25,9.2,3.05
2003,11.46,5.8,5.66
2004,7.79,1.4,6.39
2005,7.12,3.4,3.72
2006,7.67,4.7,2.97
2007,9.67,7.1,2.57
2008,11.62,11.5,0.12
2009,8.21,7.1,1.11
2010,6.33,4.3,2.03
2011,5.5,5.0,0.5
2012,5.25,5.6,-0.35
2013,5.0,5.7,-0.7
2014,5.62,6.1,-0.48
2015,5.92,4.6,1.32
2016,6.96,6.4,0.56
2017,6.88,5.3,1.58
2018,6.58,4.7,1.88
2019,6.62,4.1,2.52
2020,4.21,3.3,0.91
2021,3.54,4.5,-0.96
2022,5.29,6.9,-1.61
2023,8.0,6.0,2.0
2024,8.12,4.4,3.72
2025,7.45,3.2,4.25
