date,bankrate_pct
1994/12,13.00
1995/01,13.00
1995/02,14.00
1995/03,14.00
1995/04,14.00
1995/05,14.00
1995/06,15.00
1995/07,15.00
1995/08,15.00
1995/09,15.00
1995/10,15.00
1995/11,15.00
1995/12,15.00
1996/01,15.00
1996/02,15.00
1996/03,15.00
1996/04,16.00
1996/05,16.00
1996/06,16.00
1996/07,16.00
1996/08,16.00
1996/09,16.00
1996/10,16.00
1996/11,17.00
1996/12,17.00
1997/01,17.00
1997/02,17.00
1997/03,17.00
1997/04,17.00
1997/05,17.00
1997/06,17.00
1997/07,17.00
1997/08,17.00
1997/09,17.00
1997/10,16.00
1997/11,16.00
1997/12,16.00
1998/01,16.00
1998/02,16.00
1998/03,15.00
1998/04,14.93
1998/05,18.00
1998/06,20.21
1998/07,21.35
1998/08,21.85
1998/09,21.85
1998/10,20.72
1998/11,19.73
1998/12,19.32
1999/01,18.83
1999/02,17.36
1999/03,16.50
1999/04,15.66
1999/05,15.46
1999/06,14.91
1999/07,13.65
1999/08,13.44
1999/09,12.40
1999/10,12.19
1999/11,12.00
1999/12,12.00
2000/01,11.75
2000/02,11.75
2000/03,11.75
2000/04,11.75
2000/05,11.75
2000/06,11.75
2000/07,11.75
2000/08,11.75
2000/09,11.75
2000/10,12.00
2000/11,12.00
2000/12,12.00
2001/01,12.00
2001/02,12.00
2001/03,12.00
2001/04,12.00
2001/05,12.00
2001/06,11.00
2001/07,11.00
2001/08,11.00
2001/09,9.50
2001/10,9.50
2001/11,9.50
2001/12,9.50
2002/01,10.50
2002/02,10.50
2002/03,11.50
2002/04,11.50
2002/05,11.50
2002/06,12.50
2002/07,12.50
2002/08,12.50
2002/09,13.50
2002/10,13.50
2002/11,13.50
2002/12,13.50
2003/01,13.50
2003/02,13.50
2003/03,13.50
2003/04,13.50
2003/05,13.50
2003/06,12.00
2003/07,12.00
2003/08,11.00
2003/09,10.00
2003/10,8.50
2003/11,8.50
2003/12,8.00
2004/01,8.00
2004/02,8.00
2004/03,8.00
2004/04,8.00
2004/05,8.00
2004/06,8.00
2004/07,8.00
2004/08,7.50
2004/09,7.50
2004/10,7.50
2004/11,7.50
2004/12,7.50
2005/01,7.50
2005/02,7.50
2005/03,7.50
2005/04,7.00
2005/05,7.00
2005/06,7.00
2005/07,7.00
2005/08,7.00
2005/09,7.00
2005/10,7.00
2005/11,7.00
2005/12,7.00
2006/01,7.00
2006/02,7.00
2006/03,7.00
2006/04,7.00
2006/05,7.00
2006/06,7.50
2006/07,7.50
2006/08,8.00
2006/09,8.00
2006/10,8.50
2006/11,8.50
2006/12,9.00
2007/01,9.00
2007/02,9.00
2007/03,9.00
2007/04,9.00
2007/05,9.00
2007/06,9.50
2007/07,9.50
2007/08,10.00
2007/09,10.00
2007/10,10.50
2007/11,10.50
2007/12,11.00
2008/01,11.00
2008/02,11.00
2008/03,11.00
2008/04,11.50
2008/05,11.50
2008/06,12.00
2008/07,12.00
2008/08,12.00
2008/09,12.00
2008/10,12.00
2008/11,12.00
2008/12,11.50
2009/01,11.50
2009/02,10.50
2009/03,9.50
2009/04,9.50
2009/05,7.50
2009/06,7.50
2009/07,7.50
2009/08,7.00
2009/09,7.00
2009/10,7.00
2009/11,7.00
2009/12,7.00
2010/01,7.00
2010/02,7.00
2010/03,6.50
2010/04,6.50
2010/05,6.50
2010/06,6.50
2010/07,6.50
2010/08,6.50
2010/09,6.00
2010/10,6.00
2010/11,5.50
2010/12,5.50
2011/01,5.50
2011/02,5.50
2011/03,5.50
2011/04,5.50
2011/05,5.50
2011/06,5.50
2011/07,5.50
2011/08,5.50
2011/09,5.50
2011/10,5.50
2011/11,5.50
2011/12,5.50
2012/01,5.50
2012/02,5.50
2012/03,5.50
2012/04,5.50
2012/05,5.50
2012/06,5.50
2012/07,5.00
2012/08,5.00
2012/09,5.00
2012/10,5.00
2012/11,5.00
2012/12,5.00
2013/01,5.00
2013/02,5.00
2013/03,5.00
2013/04,5.00
2013/05,5.00
2013/06,5.00
2013/07,5.00
2013/08,5.00
2013/09,5.00
2013/10,5.00
2013/11,5.00
2013/12,5.00
2014/01,5.50
2014/02,5.50
2014/03,5.50
2014/04,5.50
2014/05,5.50
2014/06,5.50
2014/07,5.75
2014/08,5.75
2014/09,5.75
2014/10,5.75
2014/11,5.75
2014/12,5.75
2015/01,5.75
2015/02,5.75
2015/03,5.75
2015/04,5.75
2015/05,5.75
2015/06,5.75
2015/07,6.00
2015/08,6.00
2015/09,6.00
2015/10,6.00
2015/11,6.25
2015/12,6.25
2016/01,6.75
2016/02,6.75
2016/03,7.00
2016/04,7.00
2016/05,7.00
2016/06,7.00
2016/07,7.00
2016/08,7.00
2016/09,7.00
2016/10,7.00
2016/11,7.00
2016/12,7.00
2017/01,7.00
2017/02,7.00
2017/03,7.00
2017/04,7.00
2017/05,7.00
2017/06,7.00
2017/07,6.75
2017/08,6.75
2017/09,6.75
2017/10,6.75
2017/11,6.75
2017/12,6.75
2018/01,6.75
2018/02,6.75
2018/03,6.50
2018/04,6.50
2018/05,6.50
2018/06,6.50
2018/07,6.50
2018/08,6.50
2018/09,6.50
2018/10,6.50
2018/11,6.75
2018/12,6.75
2019/01,6.75
2019/02,6.75
2019/03,6.75
2019/04,6.75
2019/05,6.75
2019/06,6.75
2019/07,6.50
2019/08,6.50
2019/09,6.50
2019/10,6.50
2019/11,6.50
2019/12,6.50
2020/01,6.25
2020/02,6.25
2020/03,5.25
2020/04,4.25
2020/05,3.75
2020/06,3.75
2020/07,3.50
2020/08,3.50
2020/09,3.50
2020/10,3.50
2020/11,3.50
2020/12,3.50
2021/01,3.50
2021/02,3.50
2021/03,3.50
2021/04,3.50
2021/05,3.50
2021/06,3.50
2021/07,3.50
2021/08,3.50
2021/09,3.50
2021/10,3.50
2021/11,3.75
2021/12,3.75
2022/01,4.00
2022/02,4.00
2022/03,4.25
2022/04,4.25
2022/05,4.75
2022/06,4.75
2022/07,5.50
2022/08,5.50
2022/09,6.25
2022/10,6.25
2022/11,7.00
2022/12,7.00
2023/01,7.25
2023/02,7.25
2023/03,7.75
2023/04,7.75
2023/05,8.25
2023/06,8.25
2023/07,8.25
2023/08,8.25
2023/09,8.25
2023/10,8.25
2023/11,8.25
2023/12,8.25
2024/01,8.25
2024/02,8.25
2024/03,8.25
2024/04,8.25
2024/05,8.25
2024/06,8.25
2024/07,8.25
2024/08,8.25
2024/09,8.00
2024/10,8.00
2024/11,7.75
2024/12,7.75
2025/01,7.50
2025/02,7.50
2025/03,7.50
2025/04,7.50
2025/05,7.25
