year,gdp_mktprices_Rm,sarb_growth_pct
1999,2712791,
2000,2826728,4.199991816546134
2001,2903049,2.699976792956371
2002,3010473,3.7003853534680164
2003,3099254,2.949071458206065
2004,3240412,4.554579908584455
2005,3411410,5.277045017732318
2006,3602579,5.603811913548951
2007,3795694,5.360465377719681
2008,3916816,3.1910370014021083
2009,3856572,-1.5380860372302352
2010,3973802,3.039746178730751
2011,4099714,3.168552434167582
2012,4197952,2.396215931160084
2013,4302291,2.4854738691628686
2014,4363118,1.4138281208779135
2015,4420793,1.3218757778267642
2016,4450171,0.6645414069376132
2017,4501702,1.1579555032829036
2018,4571783,1.556766751775207
2019,4583667,0.2599423463449657
2020,4300904,-6.16892544768195
2021,4509870,4.858652971561317
2022,4602690,2.0581524522879757
2023,4639792,0.8060938277398622
2024,4664608,0.5348515623114114
2025,4716601,1.1146274242122889
