year,private_inv_constant_Rm,growth_pct
1993,183026,
1994,206286,12.71
1995,228802,10.91494333110341
1996,246403,7.69267751156022
1997,258302,4.8290808147628095
1998,253327,-1.926040061633283
1999,245305,-3.1666581138212635
2000,265282,8.14373942642832
2001,282204,6.3788722943886045
2002,289192,2.476222874232814
2003,313217,8.307629533320426
2004,359343,14.726531446249735
2005,406588,13.147605491132431
2006,448150,10.222141332257717
2007,486511,8.559857190672759
2008,530467,9.034944739173412
2009,462329,-12.844908354336837
2010,453562,-1.8962686744720791
2011,477783,5.340174000467401
2012,496540,3.925840810577186
2013,517210,4.162806621823023
2014,512589,-0.8934475358171712
2015,502967,-1.8771374336944424
2016,498742,-0.8400153489195095
2017,509294,2.1157231594692183
2018,521094,2.3169328521443378
2019,529917,1.6931686029775905
2020,452681,-14.575112706329485
2021,449853,-0.6247224866959278
2022,479234,6.5312446510304545
2023,491490,2.55741454070455
2024,470670,-4.236098394677413
2025,456841,-2.9381519960906766
