indicator,year,gear_target,actual_to_1999,scan_reconstructed
deficit_pct_gdp,1996,5.1,4.9,R
deficit_pct_gdp,1997,4.0,4.6,
deficit_pct_gdp,1998,3.5,3.3,R
deficit_pct_gdp,1999,3.0,2.6,
deficit_pct_gdp,2000,3.0,,
real_govt_consumption_pct_gdp,1996,19.1,,
real_govt_consumption_pct_gdp,1997,19.5,,
real_govt_consumption_pct_gdp,1998,19.0,,
real_govt_consumption_pct_gdp,1999,18.5,,
real_govt_consumption_pct_gdp,2000,18.1,,
real_wage_growth_private_pct,1996,0.5,1.7,
real_wage_growth_private_pct,1997,1.0,2.3,R
real_wage_growth_private_pct,1998,1.0,8.6,
real_wage_growth_private_pct,1999,1.0,3.0,
real_wage_growth_private_pct,2000,1.0,,
real_govt_investment_growth_pct,1996,3.4,,
real_govt_investment_growth_pct,1997,2.7,,
real_govt_investment_growth_pct,1998,6.4,,
real_govt_investment_growth_pct,1999,7.5,,
real_govt_investment_growth_pct,2000,16.7,,
real_parastatal_investment_growth_pct,1996,3.0,,
real_parastatal_investment_growth_pct,1997,5.0,,
real_parastatal_investment_growth_pct,1998,10.0,,
real_parastatal_investment_growth_pct,1999,10.0,,
real_parastatal_investment_growth_pct,2000,10.0,,
real_private_investment_growth_pct,1996,9.3,6.1,
real_private_investment_growth_pct,1997,9.1,4.7,
real_private_investment_growth_pct,1998,9.3,-2.9,
real_private_investment_growth_pct,1999,13.9,-4.4,
real_private_investment_growth_pct,2000,17.0,,
real_bank_rate_pct,1996,7.0,8.8,
real_bank_rate_pct,1997,5.0,7.4,
real_bank_rate_pct,1998,4.0,8.1,
real_bank_rate_pct,1999,3.0,7.3,
real_bank_rate_pct,2000,3.0,,
real_nongold_export_growth_pct,1996,9.1,,
real_nongold_export_growth_pct,1997,8.0,,
real_nongold_export_growth_pct,1998,7.0,,
real_nongold_export_growth_pct,1999,7.8,,
real_nongold_export_growth_pct,2000,10.2,,
real_mfg_export_growth_pct,1996,10.3,,
real_mfg_export_growth_pct,1997,12.2,,
real_mfg_export_growth_pct,1998,8.3,,
real_mfg_export_growth_pct,1999,10.5,,
real_mfg_export_growth_pct,2000,12.8,,
reer_change_pct,1996,-8.5,-6.3,
reer_change_pct,1997,-0.3,6.4,
reer_change_pct,1998,0.0,-9.2,R
reer_change_pct,1999,0.0,,
reer_change_pct,2000,0.0,,
current_account_deficit_pct_gdp,1996,2.2,,
current_account_deficit_pct_gdp,1997,2.0,,
current_account_deficit_pct_gdp,1998,2.2,,
current_account_deficit_pct_gdp,1999,2.5,,
current_account_deficit_pct_gdp,2000,3.1,,
real_gdp_growth_pct,1996,3.5,4.2,
real_gdp_growth_pct,1997,2.9,2.5,R
real_gdp_growth_pct,1998,3.8,0.6,
real_gdp_growth_pct,1999,4.9,1.2,
real_gdp_growth_pct,2000,6.1,,
nonagric_formal_employment_growth_pct,1996,1.3,-0.7,
nonagric_formal_employment_growth_pct,1997,3.0,-1.7,
nonagric_formal_employment_growth_pct,1998,2.7,-3.7,
nonagric_formal_employment_growth_pct,1999,3.5,-3.2,
nonagric_formal_employment_growth_pct,2000,4.3,,
govt_dissaving_pct_gdp,1996,3.1,,
govt_dissaving_pct_gdp,1997,2.3,,
govt_dissaving_pct_gdp,1998,1.7,,
govt_dissaving_pct_gdp,1999,0.7,,
govt_dissaving_pct_gdp,2000,0.6,,
inflation_cpi_pct,1996,8.4,7.4,
inflation_cpi_pct,1997,10.9,8.6,
inflation_cpi_pct,1998,9.6,6.9,
inflation_cpi_pct,1999,7.7,5.2,
inflation_cpi_pct,2000,,,
