year,real_gdp_growth_pct,real_gdp_growth_source,real_private_investment_growth_pct,nonagric_formal_employment_growth_pct,employment_series_name,inflation_cpi_pct,deficit_pct_gdp,nominal_policy_rate_pct,real_policy_rate_pct
1994,2.58,Boshoff & Fourie (2020) App.1,,,,,,,
1995,3.07,Boshoff & Fourie (2020) App.1,,,,,,,
1996,4.59,Boshoff & Fourie (2020) App.1,,,,,,,
1997,2.28,Boshoff & Fourie (2020) App.1,,,,,,,
1998,-0.10,Boshoff & Fourie (2020) App.1,,,,,,,
1999,1.97,Boshoff & Fourie (2020) App.1,,,,,,,
2000,4.27,Boshoff & Fourie (2020) App.1,,,,,,,
2001,3.09,Boshoff & Fourie (2020) App.1,,,,,,,
2002,3.65,Boshoff & Fourie (2020) App.1,,,,,,,
2003,2.75,Boshoff & Fourie (2020) App.1,,,,,,,
2004,3.43,Boshoff & Fourie (2020) App.1,,,,,,,
2005,4.71,Boshoff & Fourie (2020) App.1,,,,,,,
2006,5.60,Boshoff & Fourie (2020) App.1,,,,,,,
2007,5.58,Boshoff & Fourie (2020) App.1,,,,,,,
2008,4.35,Boshoff & Fourie (2020) App.1,,,,,,,
2009,-0.99,Boshoff & Fourie (2020) App.1,,,,,,,
2010,2.99,Boshoff & Fourie (2020) App.1,,,,,,,
2011,2.27,Boshoff & Fourie (2020) App.1,,,,,,,
2012,2.25,Boshoff & Fourie (2020) App.1,,,,,,,
2013,2.17,Boshoff & Fourie (2020) App.1,,,,,,,
2014,1.48,Boshoff & Fourie (2020) App.1,,,,,,,
2015,0.87,Boshoff & Fourie (2020) App.1,,,,,,,
2016,0.24,Boshoff & Fourie (2020) App.1,,,,,,,
2017,1.83,Boshoff & Fourie (2020) App.1,,,,,,,
2018,,,,,,,,,
2019,,,,,,,,,
2020,,,,,,,,,
2021,,,,,,,,,
2022,,,,,,,,,
2023,,,,,,,,,
2024,,,,,,,,,
