year,gdp_current_prices_Rm,gdp_deflator_2010eq100,gdp_constant_2010_prices_Rm,real_gdp_growth_pct
1911,307,0.34,90891,
1912,324,0.35,92642,1.93
1913,326,0.35,92263,-0.41
1914,311,0.35,88504,-4.07
1915,315,0.37,85345,-3.57
1916,352,0.39,89787,5.20
1917,384,0.43,89395,-0.44
1918,426,0.46,92907,3.93
1919,519,0.51,102284,10.09
1920,572,0.63,90983,-11.05
1921,503,0.57,88322,-2.92
1922,450,0.47,94729,7.25
1923,489,0.46,106135,12.04
1924,525,0.47,112500,6.00
1925,550,0.47,118270,5.13
1926,569,0.46,124120,4.95
1927,595,0.46,129049,3.97
1928,616,0.46,133629,3.55
1929,614,0.46,133559,-0.05
1930,565,0.45,125807,-5.80
1931,510,0.43,117965,-6.23
1932,478,0.41,115642,-1.97
1933,545,0.40,135522,17.19
1934,616,0.41,151214,11.58
1935,705,0.41,173865,14.98
1936,786,0.41,193199,11.12
1937,834,0.42,200370,3.71
1938,865,0.43,200702,0.17
1939,914,0.43,212204,5.73
1940,1011,0.45,226790,6.87
1941,1142,0.47,244847,7.96
1942,1267,0.51,250492,2.31
1943,1355,0.54,252608,0.84
1944,1437,0.56,258779,2.44
1945,1552,0.57,272314,5.23
1946,1696,0.57,298523,9.62
1947,1877,0.62,305044,2.18
1948,2075,0.63,327613,7.40
1949,2256,0.66,339374,3.59
1950,2622,0.73,358207,5.55
1951,2836,0.76,373534,4.28
1952,3048,0.79,385628,3.24
1953,3455,0.86,402298,4.32
1954,3710,0.87,427742,6.32
1955,3897,0.86,450709,5.37
1956,4205,0.88,476642,5.75
1957,4433,0.89,496918,4.25
1958,4555,0.89,509184,2.47
1959,4802,0.90,530817,4.25
1960,5109,0.94,546387,2.93
1961,5402,0.95,570017,4.32
1962,5754,0.95,604842,6.11
1963,6377,0.98,649076,7.31
1964,6999,1.00,698486,7.61
1965,7675,1.03,743972,6.51
1966,8373,1.08,777633,4.52
1967,9332,1.12,833153,7.14
1968,10062,1.16,865459,3.88
1969,11225,1.25,897403,3.69
1970,12303,1.30,943146,5.10
1971,13588,1.38,982630,4.19
1972,15384,1.54,1001764,1.95
1973,19120,1.82,1051434,4.96
1974,23655,2.11,1122023,6.71
1975,26626,2.34,1139636,1.57
1976,30027,2.58,1163713,2.11
1977,33073,2.87,1153041,-0.92
1978,37832,3.20,1181735,2.49
1979,45072,3.68,1223546,3.54
1980,60506,4.60,1315295,7.50
1981,69917,5.07,1380023,4.92
1982,78171,5.77,1353635,-1.91
1983,89977,6.73,1337146,-1.22
1984,104760,7.50,1396546,4.44
1985,120568,8.76,1375918,-1.48
1986,141146,10.27,1374922,-0.07
1987,165210,11.75,1405789,2.24
1988,195819,13.53,1447029,2.93
1989,232893,15.86,1468116,1.46
1990,269242,18.32,1469775,0.11
1991,310308,21.19,1464699,-0.35
1992,350900,24.27,1445694,-1.30
1993,398088,27.42,1451658,0.41
1994,447241,30.03,1489067,2.58
1995,507960,33.10,1534735,3.07
1996,573226,35.71,1605142,4.59
1997,632844,38.55,1641761,2.28
1998,681321,41.54,1640112,-0.10
1999,743852,44.48,1672371,1.97
2000,844247,48.41,1743862,4.27
2001,936503,52.09,1797714,3.09
2002,1089462,58.47,1863261,3.65
2003,1184333,61.86,1914592,2.75
2004,1304876,65.90,1980213,3.43
2005,1440741,69.49,2073413,4.71
2006,1616581,73.83,2189508,5.60
2007,1857779,80.37,2311623,5.58
2008,2109753,87.46,2412125,4.35
2009,2245638,94.03,2388258,-0.99
2010,2459568,100.00,2459568,2.99
2011,2679710,106.53,2515399,2.27
2012,2884767,112.16,2572007,2.25
2013,3128791,119.06,2627827,2.17
2014,3351263,125.67,2666752,1.48
2015,3553443,132.10,2689878,0.87
2016,3803374,141.05,2696419,0.24
2017,4087551,148.86,2745857,1.83
