indicator,year,actual,gear_target,source,vintage_block
real_gdp_growth_pct,1996,4.2,3.5,Nattrass (2001) Table 1 / SARB AER 2001,1996-2000 (Nattrass / SARB AER2001)
real_gdp_growth_pct,1997,2.5,2.9,Nattrass (2001) Table 1 / SARB AER 2001,1996-2000 (Nattrass / SARB AER2001)
real_gdp_growth_pct,1998,0.6,3.8,Nattrass (2001) Table 1 / SARB AER 2001,1996-2000 (Nattrass / SARB AER2001)
real_gdp_growth_pct,1999,1.2,4.9,Nattrass (2001) Table 1 / SARB AER 2001,1996-2000 (Nattrass / SARB AER2001)
real_gdp_growth_pct,2000,3.0,6.1,Nattrass (2001) Table 1 / SARB AER 2001,1996-2000 (Nattrass / SARB AER2001)
real_gdp_growth_pct,2001,2.699976792956371,,"SARB, current-vintage real GDP at market prices (Additional data; no series code given)",2001-2024 (Additional data / current vintage)
real_gdp_growth_pct,2002,3.700385353468016,,"SARB, current-vintage real GDP at market prices (Additional data; no series code given)",2001-2024 (Additional data / current vintage)
real_gdp_growth_pct,2003,2.949071458206065,,"SARB, current-vintage real GDP at market prices (Additional data; no series code given)",2001-2024 (Additional data / current vintage)
real_gdp_growth_pct,2004,4.554579908584455,,"SARB, current-vintage real GDP at market prices (Additional data; no series code given)",2001-2024 (Additional data / current vintage)
real_gdp_growth_pct,2005,5.277045017732318,,"SARB, current-vintage real GDP at market prices (Additional data; no series code given)",2001-2024 (Additional data / current vintage)
real_gdp_growth_pct,2006,5.603811913548951,,"SARB, current-vintage real GDP at market prices (Additional data; no series code given)",2001-2024 (Additional data / current vintage)
real_gdp_growth_pct,2007,5.360465377719681,,"SARB, current-vintage real GDP at market prices (Additional data; no series code given)",2001-2024 (Additional data / current vintage)
real_gdp_growth_pct,2008,3.1910370014021083,,"SARB, current-vintage real GDP at market prices (Additional data; no series code given)",2001-2024 (Additional data / current vintage)
real_gdp_growth_pct,2009,-1.5380860372302352,,"SARB, current-vintage real GDP at market prices (Additional data; no series code given)",2001-2024 (Additional data / current vintage)
real_gdp_growth_pct,2010,3.039746178730751,,"SARB, current-vintage real GDP at market prices (Additional data; no series code given)",2001-2024 (Additional data / current vintage)
real_gdp_growth_pct,2011,3.168552434167582,,"SARB, current-vintage real GDP at market prices (Additional data; no series code given)",2001-2024 (Additional data / current vintage)
real_gdp_growth_pct,2012,2.396215931160084,,"SARB, current-vintage real GDP at market prices (Additional data; no series code given)",2001-2024 (Additional data / current vintage)
real_gdp_growth_pct,2013,2.4854738691628686,,"SARB, current-vintage real GDP at market prices (Additional data; no series code given)",2001-2024 (Additional data / current vintage)
real_gdp_growth_pct,2014,1.4138281208779135,,"SARB, current-vintage real GDP at market prices (Additional data; no series code given)",2001-2024 (Additional data / current vintage)
real_gdp_growth_pct,2015,1.3218757778267642,,"SARB, current-vintage real GDP at market prices (Additional data; no series code given)",2001-2024 (Additional data / current vintage)
real_gdp_growth_pct,2016,0.6645414069376132,,"SARB, current-vintage real GDP at market prices (Additional data; no series code given)",2001-2024 (Additional data / current vintage)
real_gdp_growth_pct,2017,1.1579555032829036,,"SARB, current-vintage real GDP at market prices (Additional data; no series code given)",2001-2024 (Additional data / current vintage)
real_gdp_growth_pct,2018,1.556766751775207,,"SARB, current-vintage real GDP at market prices (Additional data; no series code given)",2001-2024 (Additional data / current vintage)
real_gdp_growth_pct,2019,0.2599423463449657,,"SARB, current-vintage real GDP at market prices (Additional data; no series code given)",2001-2024 (Additional data / current vintage)
real_gdp_growth_pct,2020,-6.16892544768195,,"SARB, current-vintage real GDP at market prices (Additional data; no series code given)",2001-2024 (Additional data / current vintage)
real_gdp_growth_pct,2021,4.858652971561317,,"SARB, current-vintage real GDP at market prices (Additional data; no series code given)",2001-2024 (Additional data / current vintage)
real_gdp_growth_pct,2022,2.058152452287976,,"SARB, current-vintage real GDP at market prices (Additional data; no series code given)",2001-2024 (Additional data / current vintage)
real_gdp_growth_pct,2023,0.8060938277398622,,"SARB, current-vintage real GDP at market prices (Additional data; no series code given)",2001-2024 (Additional data / current vintage)
real_gdp_growth_pct,2024,0.5348515623114114,,"SARB, current-vintage real GDP at market prices (Additional data; no series code given)",2001-2024 (Additional data / current vintage)
real_private_investment_growth_pct,1996,6.1,9.3,Nattrass (2001) Table 1 / SARB AER 2001,1996-2000 (Nattrass / SARB AER2001)
real_private_investment_growth_pct,1997,4.7,9.1,Nattrass (2001) Table 1 / SARB AER 2001,1996-2000 (Nattrass / SARB AER2001)
real_private_investment_growth_pct,1998,-2.9,9.3,Nattrass (2001) Table 1 / SARB AER 2001,1996-2000 (Nattrass / SARB AER2001)
real_private_investment_growth_pct,1999,-4.4,13.9,Nattrass (2001) Table 1 / SARB AER 2001,1996-2000 (Nattrass / SARB AER2001)
real_private_investment_growth_pct,2000,5.0,17.0,Nattrass (2001) Table 1 / SARB AER 2001,1996-2000 (Nattrass / SARB AER2001)
real_private_investment_growth_pct,2001,6.3788722943886045,,"SARB, real private business enterprise GFCF, current vintage (Additional data; no series code given)",2001-2024 (Additional data / current vintage)
real_private_investment_growth_pct,2002,2.476222874232814,,"SARB, real private business enterprise GFCF, current vintage (Additional data; no series code given)",2001-2024 (Additional data / current vintage)
real_private_investment_growth_pct,2003,8.307629533320426,,"SARB, real private business enterprise GFCF, current vintage (Additional data; no series code given)",2001-2024 (Additional data / current vintage)
real_private_investment_growth_pct,2004,14.726531446249735,,"SARB, real private business enterprise GFCF, current vintage (Additional data; no series code given)",2001-2024 (Additional data / current vintage)
real_private_investment_growth_pct,2005,13.147605491132431,,"SARB, real private business enterprise GFCF, current vintage (Additional data; no series code given)",2001-2024 (Additional data / current vintage)
real_private_investment_growth_pct,2006,10.222141332257715,,"SARB, real private business enterprise GFCF, current vintage (Additional data; no series code given)",2001-2024 (Additional data / current vintage)
real_private_investment_growth_pct,2007,8.559857190672759,,"SARB, real private business enterprise GFCF, current vintage (Additional data; no series code given)",2001-2024 (Additional data / current vintage)
real_private_investment_growth_pct,2008,9.034944739173412,,"SARB, real private business enterprise GFCF, current vintage (Additional data; no series code given)",2001-2024 (Additional data / current vintage)
real_private_investment_growth_pct,2009,-12.844908354336836,,"SARB, real private business enterprise GFCF, current vintage (Additional data; no series code given)",2001-2024 (Additional data / current vintage)
real_private_investment_growth_pct,2010,-1.8962686744720791,,"SARB, real private business enterprise GFCF, current vintage (Additional data; no series code given)",2001-2024 (Additional data / current vintage)
real_private_investment_growth_pct,2011,5.340174000467401,,"SARB, real private business enterprise GFCF, current vintage (Additional data; no series code given)",2001-2024 (Additional data / current vintage)
real_private_investment_growth_pct,2012,3.925840810577186,,"SARB, real private business enterprise GFCF, current vintage (Additional data; no series code given)",2001-2024 (Additional data / current vintage)
real_private_investment_growth_pct,2013,4.162806621823023,,"SARB, real private business enterprise GFCF, current vintage (Additional data; no series code given)",2001-2024 (Additional data / current vintage)
real_private_investment_growth_pct,2014,-0.8934475358171712,,"SARB, real private business enterprise GFCF, current vintage (Additional data; no series code given)",2001-2024 (Additional data / current vintage)
real_private_investment_growth_pct,2015,-1.8771374336944424,,"SARB, real private business enterprise GFCF, current vintage (Additional data; no series code given)",2001-2024 (Additional data / current vintage)
real_private_investment_growth_pct,2016,-0.8400153489195095,,"SARB, real private business enterprise GFCF, current vintage (Additional data; no series code given)",2001-2024 (Additional data / current vintage)
real_private_investment_growth_pct,2017,2.1157231594692183,,"SARB, real private business enterprise GFCF, current vintage (Additional data; no series code given)",2001-2024 (Additional data / current vintage)
real_private_investment_growth_pct,2018,2.3169328521443378,,"SARB, real private business enterprise GFCF, current vintage (Additional data; no series code given)",2001-2024 (Additional data / current vintage)
real_private_investment_growth_pct,2019,1.6931686029775903,,"SARB, real private business enterprise GFCF, current vintage (Additional data; no series code given)",2001-2024 (Additional data / current vintage)
real_private_investment_growth_pct,2020,-14.575112706329485,,"SARB, real private business enterprise GFCF, current vintage (Additional data; no series code given)",2001-2024 (Additional data / current vintage)
real_private_investment_growth_pct,2021,-0.6247224866959278,,"SARB, real private business enterprise GFCF, current vintage (Additional data; no series code given)",2001-2024 (Additional data / current vintage)
real_private_investment_growth_pct,2022,6.531244651030455,,"SARB, real private business enterprise GFCF, current vintage (Additional data; no series code given)",2001-2024 (Additional data / current vintage)
real_private_investment_growth_pct,2023,2.55741454070455,,"SARB, real private business enterprise GFCF, current vintage (Additional data; no series code given)",2001-2024 (Additional data / current vintage)
real_private_investment_growth_pct,2024,-4.236098394677413,,"SARB, real private business enterprise GFCF, current vintage (Additional data; no series code given)",2001-2024 (Additional data / current vintage)
nonagric_formal_employment_growth_pct,1996,-0.7,1.3,Nattrass (2001) Table 1 / SARB AER 2001,1996-2000 (Nattrass / SARB AER2001)
nonagric_formal_employment_growth_pct,1997,-1.7,3.0,Nattrass (2001) Table 1 / SARB AER 2001,1996-2000 (Nattrass / SARB AER2001)
nonagric_formal_employment_growth_pct,1998,-3.7,2.7,Nattrass (2001) Table 1 / SARB AER 2001,1996-2000 (Nattrass / SARB AER2001)
nonagric_formal_employment_growth_pct,1999,-3.2,3.5,Nattrass (2001) Table 1 / SARB AER 2001,1996-2000 (Nattrass / SARB AER2001)
nonagric_formal_employment_growth_pct,2000,,4.3,Nattrass (2001) Table 1 / SARB AER 2001,1996-2000 (Nattrass / SARB AER2001)
nonagric_formal_employment_growth_pct,2001,4.24,,"StatsSA LFS, StatsSA LFS March2007 report Table I",2001-2024 (Additional data / current vintage)
nonagric_formal_employment_growth_pct,2002,1.85,,"StatsSA LFS, StatsSA LFS March2007 report Table I",2001-2024 (Additional data / current vintage)
nonagric_formal_employment_growth_pct,2003,3.53,,"StatsSA LFS, StatsSA LFS March2007 report Table I",2001-2024 (Additional data / current vintage)
nonagric_formal_employment_growth_pct,2004,3.57,,"StatsSA LFS, StatsSA LFS March2007 report Table I",2001-2024 (Additional data / current vintage)
nonagric_formal_employment_growth_pct,2005,3.99,,"StatsSA LFS, StatsSA LFS March2007 report Table I",2001-2024 (Additional data / current vintage)
nonagric_formal_employment_growth_pct,2006,4.52,,"StatsSA LFS, StatsSA LFS March2007 report Table I",2001-2024 (Additional data / current vintage)
nonagric_formal_employment_growth_pct,2007,,,,
nonagric_formal_employment_growth_pct,2008,,,,
nonagric_formal_employment_growth_pct,2009,,,,
nonagric_formal_employment_growth_pct,2010,2.62,,"StatsSA QES, StatsSA QES March2011 report Table A",2001-2024 (Additional data / current vintage)
nonagric_formal_employment_growth_pct,2011,,,,
nonagric_formal_employment_growth_pct,2012,,,,
nonagric_formal_employment_growth_pct,2013,,,,
nonagric_formal_employment_growth_pct,2014,-0.48,,"StatsSA QES, StatsSA QES March2015 report Table A",2001-2024 (Additional data / current vintage)
nonagric_formal_employment_growth_pct,2015,,,,
nonagric_formal_employment_growth_pct,2016,,,,
nonagric_formal_employment_growth_pct,2017,,,,
nonagric_formal_employment_growth_pct,2018,,,,
nonagric_formal_employment_growth_pct,2019,,,,
nonagric_formal_employment_growth_pct,2020,,,,
nonagric_formal_employment_growth_pct,2021,,,,
nonagric_formal_employment_growth_pct,2022,,,,
nonagric_formal_employment_growth_pct,2023,,,,
nonagric_formal_employment_growth_pct,2024,,,,
inflation_cpi_pct,1996,7.4,8.0,Nattrass (2001) Table 1 / SARB AER 2001,1996-2000 (Nattrass / SARB AER2001)
inflation_cpi_pct,1997,8.6,9.7,Nattrass (2001) Table 1 / SARB AER 2001,1996-2000 (Nattrass / SARB AER2001)
inflation_cpi_pct,1998,6.9,8.1,Nattrass (2001) Table 1 / SARB AER 2001,1996-2000 (Nattrass / SARB AER2001)
inflation_cpi_pct,1999,5.2,7.7,Nattrass (2001) Table 1 / SARB AER 2001,1996-2000 (Nattrass / SARB AER2001)
inflation_cpi_pct,2000,5.3,7.6,Nattrass (2001) Table 1 / SARB AER 2001,1996-2000 (Nattrass / SARB AER2001)
inflation_cpi_pct,2001,5.7,,"StatsSA P0141, headline CPI, annual average (Additional data)",2001-2024 (Additional data / current vintage)
inflation_cpi_pct,2002,9.2,,"StatsSA P0141, headline CPI, annual average (Additional data)",2001-2024 (Additional data / current vintage)
inflation_cpi_pct,2003,5.8,,"StatsSA P0141, headline CPI, annual average (Additional data)",2001-2024 (Additional data / current vintage)
inflation_cpi_pct,2004,1.4,,"StatsSA P0141, headline CPI, annual average (Additional data)",2001-2024 (Additional data / current vintage)
inflation_cpi_pct,2005,3.4,,"StatsSA P0141, headline CPI, annual average (Additional data)",2001-2024 (Additional data / current vintage)
inflation_cpi_pct,2006,4.7,,"StatsSA P0141, headline CPI, annual average (Additional data)",2001-2024 (Additional data / current vintage)
inflation_cpi_pct,2007,7.1,,"StatsSA P0141, headline CPI, annual average (Additional data)",2001-2024 (Additional data / current vintage)
inflation_cpi_pct,2008,11.5,,"StatsSA P0141, headline CPI, annual average (Additional data)",2001-2024 (Additional data / current vintage)
inflation_cpi_pct,2009,7.1,,"StatsSA P0141, headline CPI, annual average (Additional data)",2001-2024 (Additional data / current vintage)
inflation_cpi_pct,2010,4.3,,"StatsSA P0141, headline CPI, annual average (Additional data)",2001-2024 (Additional data / current vintage)
inflation_cpi_pct,2011,5.0,,"StatsSA P0141, headline CPI, annual average (Additional data)",2001-2024 (Additional data / current vintage)
inflation_cpi_pct,2012,5.6,,"StatsSA P0141, headline CPI, annual average (Additional data)",2001-2024 (Additional data / current vintage)
inflation_cpi_pct,2013,5.7,,"StatsSA P0141, headline CPI, annual average (Additional data)",2001-2024 (Additional data / current vintage)
inflation_cpi_pct,2014,6.1,,"StatsSA P0141, headline CPI, annual average (Additional data)",2001-2024 (Additional data / current vintage)
inflation_cpi_pct,2015,4.6,,"StatsSA P0141, headline CPI, annual average (Additional data)",2001-2024 (Additional data / current vintage)
inflation_cpi_pct,2016,6.4,,"StatsSA P0141, headline CPI, annual average (Additional data)",2001-2024 (Additional data / current vintage)
inflation_cpi_pct,2017,5.3,,"StatsSA P0141, headline CPI, annual average (Additional data)",2001-2024 (Additional data / current vintage)
inflation_cpi_pct,2018,4.7,,"StatsSA P0141, headline CPI, annual average (Additional data)",2001-2024 (Additional data / current vintage)
inflation_cpi_pct,2019,4.1,,"StatsSA P0141, headline CPI, annual average (Additional data)",2001-2024 (Additional data / current vintage)
inflation_cpi_pct,2020,3.3,,"StatsSA P0141, headline CPI, annual average (Additional data)",2001-2024 (Additional data / current vintage)
inflation_cpi_pct,2021,4.5,,"StatsSA P0141, headline CPI, annual average (Additional data)",2001-2024 (Additional data / current vintage)
inflation_cpi_pct,2022,6.9,,"StatsSA P0141, headline CPI, annual average (Additional data)",2001-2024 (Additional data / current vintage)
inflation_cpi_pct,2023,6.0,,"StatsSA P0141, headline CPI, annual average (Additional data)",2001-2024 (Additional data / current vintage)
inflation_cpi_pct,2024,4.4,,"StatsSA P0141, headline CPI, annual average (Additional data)",2001-2024 (Additional data / current vintage)
deficit_pct_gdp,1996,4.9,5.1,Nattrass (2001) Table 1 / SARB AER 2001,1996-2000 (Nattrass / SARB AER2001)
deficit_pct_gdp,1997,4.6,4.0,Nattrass (2001) Table 1 / SARB AER 2001,1996-2000 (Nattrass / SARB AER2001)
deficit_pct_gdp,1998,3.3,3.5,Nattrass (2001) Table 1 / SARB AER 2001,1996-2000 (Nattrass / SARB AER2001)
deficit_pct_gdp,1999,2.6,3.0,Nattrass (2001) Table 1 / SARB AER 2001,1996-2000 (Nattrass / SARB AER2001)
deficit_pct_gdp,2000,2.0,3.0,Nattrass (2001) Table 1 / SARB AER 2001,1996-2000 (Nattrass / SARB AER2001)
deficit_pct_gdp,2001,1.17,,"SARB cash-flow balance / nominal GDP, FY ending March 2002 mapped to calendar year 2001 (Additional data; assumption stated in script)",2001-2024 (Additional data / current vintage)
deficit_pct_gdp,2002,0.93,,"SARB cash-flow balance / nominal GDP, FY ending March 2003 mapped to calendar year 2002 (Additional data; assumption stated in script)",2001-2024 (Additional data / current vintage)
deficit_pct_gdp,2003,1.77,,"SARB cash-flow balance / nominal GDP, FY ending March 2004 mapped to calendar year 2003 (Additional data; assumption stated in script)",2001-2024 (Additional data / current vintage)
deficit_pct_gdp,2004,1.13,,"SARB cash-flow balance / nominal GDP, FY ending March 2005 mapped to calendar year 2004 (Additional data; assumption stated in script)",2001-2024 (Additional data / current vintage)
deficit_pct_gdp,2005,0.26,,"SARB cash-flow balance / nominal GDP, FY ending March 2006 mapped to calendar year 2005 (Additional data; assumption stated in script)",2001-2024 (Additional data / current vintage)
deficit_pct_gdp,2006,-0.34,,"SARB cash-flow balance / nominal GDP, FY ending March 2007 mapped to calendar year 2006 (Additional data; assumption stated in script)",2001-2024 (Additional data / current vintage)
deficit_pct_gdp,2007,-0.47,,"SARB cash-flow balance / nominal GDP, FY ending March 2008 mapped to calendar year 2007 (Additional data; assumption stated in script)",2001-2024 (Additional data / current vintage)
deficit_pct_gdp,2008,0.86,,"SARB cash-flow balance / nominal GDP, FY ending March 2009 mapped to calendar year 2008 (Additional data; assumption stated in script)",2001-2024 (Additional data / current vintage)
deficit_pct_gdp,2009,5.42,,"SARB cash-flow balance / nominal GDP, FY ending March 2010 mapped to calendar year 2009 (Additional data; assumption stated in script)",2001-2024 (Additional data / current vintage)
deficit_pct_gdp,2010,4.19,,"SARB cash-flow balance / nominal GDP, FY ending March 2011 mapped to calendar year 2010 (Additional data; assumption stated in script)",2001-2024 (Additional data / current vintage)
deficit_pct_gdp,2011,4.26,,"SARB cash-flow balance / nominal GDP, FY ending March 2012 mapped to calendar year 2011 (Additional data; assumption stated in script)",2001-2024 (Additional data / current vintage)
deficit_pct_gdp,2012,4.53,,"SARB cash-flow balance / nominal GDP, FY ending March 2013 mapped to calendar year 2012 (Additional data; assumption stated in script)",2001-2024 (Additional data / current vintage)
deficit_pct_gdp,2013,3.74,,"SARB cash-flow balance / nominal GDP, FY ending March 2014 mapped to calendar year 2013 (Additional data; assumption stated in script)",2001-2024 (Additional data / current vintage)
deficit_pct_gdp,2014,3.91,,"SARB cash-flow balance / nominal GDP, FY ending March 2015 mapped to calendar year 2014 (Additional data; assumption stated in script)",2001-2024 (Additional data / current vintage)
deficit_pct_gdp,2015,3.43,,"SARB cash-flow balance / nominal GDP, FY ending March 2016 mapped to calendar year 2015 (Additional data; assumption stated in script)",2001-2024 (Additional data / current vintage)
deficit_pct_gdp,2016,3.2,,"SARB cash-flow balance / nominal GDP, FY ending March 2017 mapped to calendar year 2016 (Additional data; assumption stated in script)",2001-2024 (Additional data / current vintage)
deficit_pct_gdp,2017,4.07,,"SARB cash-flow balance / nominal GDP, FY ending March 2018 mapped to calendar year 2017 (Additional data; assumption stated in script)",2001-2024 (Additional data / current vintage)
deficit_pct_gdp,2018,4.33,,"SARB cash-flow balance / nominal GDP, FY ending March 2019 mapped to calendar year 2018 (Additional data; assumption stated in script)",2001-2024 (Additional data / current vintage)
deficit_pct_gdp,2019,6.18,,"SARB cash-flow balance / nominal GDP, FY ending March 2020 mapped to calendar year 2019 (Additional data; assumption stated in script)",2001-2024 (Additional data / current vintage)
deficit_pct_gdp,2020,9.18,,"SARB cash-flow balance / nominal GDP, FY ending March 2021 mapped to calendar year 2020 (Additional data; assumption stated in script)",2001-2024 (Additional data / current vintage)
deficit_pct_gdp,2021,4.78,,"SARB cash-flow balance / nominal GDP, FY ending March 2022 mapped to calendar year 2021 (Additional data; assumption stated in script)",2001-2024 (Additional data / current vintage)
deficit_pct_gdp,2022,4.77,,"SARB cash-flow balance / nominal GDP, FY ending March 2023 mapped to calendar year 2022 (Additional data; assumption stated in script)",2001-2024 (Additional data / current vintage)
deficit_pct_gdp,2023,4.37,,"SARB cash-flow balance / nominal GDP, FY ending March 2024 mapped to calendar year 2023 (Additional data; assumption stated in script)",2001-2024 (Additional data / current vintage)
deficit_pct_gdp,2024,4.53,,"SARB cash-flow balance / nominal GDP, FY ending March 2025 mapped to calendar year 2024 (Additional data; assumption stated in script)",2001-2024 (Additional data / current vintage)
real_bank_rate_pct,1996,8.8,7.0,Nattrass (2001) Table 1 / SARB AER 2001,1996-2000 (Nattrass / SARB AER2001)
real_bank_rate_pct,1997,7.4,5.0,Nattrass (2001) Table 1 / SARB AER 2001,1996-2000 (Nattrass / SARB AER2001)
real_bank_rate_pct,1998,8.1,4.0,Nattrass (2001) Table 1 / SARB AER 2001,1996-2000 (Nattrass / SARB AER2001)
real_bank_rate_pct,1999,7.3,3.0,Nattrass (2001) Table 1 / SARB AER 2001,1996-2000 (Nattrass / SARB AER2001)
real_bank_rate_pct,2000,6.51,3.0,Nattrass (2001) Table 1 / SARB AER 2001,1996-2000 (Nattrass / SARB AER2001)
real_bank_rate_pct,2001,5.22,,SARB Bank rate annual average minus StatsSA CPI (Additional data),2001-2024 (Additional data / current vintage)
real_bank_rate_pct,2002,3.05,,SARB Bank rate annual average minus StatsSA CPI (Additional data),2001-2024 (Additional data / current vintage)
real_bank_rate_pct,2003,5.66,,SARB Bank rate annual average minus StatsSA CPI (Additional data),2001-2024 (Additional data / current vintage)
real_bank_rate_pct,2004,6.39,,SARB Bank rate annual average minus StatsSA CPI (Additional data),2001-2024 (Additional data / current vintage)
real_bank_rate_pct,2005,3.72,,SARB Bank rate annual average minus StatsSA CPI (Additional data),2001-2024 (Additional data / current vintage)
real_bank_rate_pct,2006,2.97,,SARB Bank rate annual average minus StatsSA CPI (Additional data),2001-2024 (Additional data / current vintage)
real_bank_rate_pct,2007,2.57,,SARB Bank rate annual average minus StatsSA CPI (Additional data),2001-2024 (Additional data / current vintage)
real_bank_rate_pct,2008,0.12,,SARB Bank rate annual average minus StatsSA CPI (Additional data),2001-2024 (Additional data / current vintage)
real_bank_rate_pct,2009,1.11,,SARB Bank rate annual average minus StatsSA CPI (Additional data),2001-2024 (Additional data / current vintage)
real_bank_rate_pct,2010,2.03,,SARB Bank rate annual average minus StatsSA CPI (Additional data),2001-2024 (Additional data / current vintage)
real_bank_rate_pct,2011,0.5,,SARB Bank rate annual average minus StatsSA CPI (Additional data),2001-2024 (Additional data / current vintage)
real_bank_rate_pct,2012,-0.35,,SARB Bank rate annual average minus StatsSA CPI (Additional data),2001-2024 (Additional data / current vintage)
real_bank_rate_pct,2013,-0.7,,SARB Bank rate annual average minus StatsSA CPI (Additional data),2001-2024 (Additional data / current vintage)
real_bank_rate_pct,2014,-0.48,,SARB Bank rate annual average minus StatsSA CPI (Additional data),2001-2024 (Additional data / current vintage)
real_bank_rate_pct,2015,1.32,,SARB Bank rate annual average minus StatsSA CPI (Additional data),2001-2024 (Additional data / current vintage)
real_bank_rate_pct,2016,0.56,,SARB Bank rate annual average minus StatsSA CPI (Additional data),2001-2024 (Additional data / current vintage)
real_bank_rate_pct,2017,1.58,,SARB Bank rate annual average minus StatsSA CPI (Additional data),2001-2024 (Additional data / current vintage)
real_bank_rate_pct,2018,1.88,,SARB Bank rate annual average minus StatsSA CPI (Additional data),2001-2024 (Additional data / current vintage)
real_bank_rate_pct,2019,2.52,,SARB Bank rate annual average minus StatsSA CPI (Additional data),2001-2024 (Additional data / current vintage)
real_bank_rate_pct,2020,0.91,,SARB Bank rate annual average minus StatsSA CPI (Additional data),2001-2024 (Additional data / current vintage)
real_bank_rate_pct,2021,-0.96,,SARB Bank rate annual average minus StatsSA CPI (Additional data),2001-2024 (Additional data / current vintage)
real_bank_rate_pct,2022,-1.61,,SARB Bank rate annual average minus StatsSA CPI (Additional data),2001-2024 (Additional data / current vintage)
real_bank_rate_pct,2023,2.0,,SARB Bank rate annual average minus StatsSA CPI (Additional data),2001-2024 (Additional data / current vintage)
real_bank_rate_pct,2024,3.72,,SARB Bank rate annual average minus StatsSA CPI (Additional data),2001-2024 (Additional data / current vintage)
